<?xml version="1.0" encoding="UTF-8"?>

<beans xmlns="http://www.springframework.org/schema/beans" xmlns:xsi="http://www.w3.org/2001/XMLSchema-instance" 
xmlns:context="http://www.springframework.org/schema/context" 
xmlns:p="http://www.springframework.org/schema/p" xmlns:tx="http://www.springframework.org/schema/tx" 
xsi:schemaLocation="http://www.springframework.org/schema/beans 
http://www.springframework.org/schema/beans/spring-beans.xsd 
http://www.springframework.org/schema/context 
http://www.springframework.org/schema/context/spring-context.xsd 
http://www.springframework.org/schema/tx 
http://www.springframework.org/schema/tx/spring-tx.xsd">
	
<tx:annotation-driven/>
<context:component-scan base-package="com.komal"/>
<!--  change package name as per need  -->
<!--  This is our bean metadata  -->
<bean class="org.springframework.web.servlet.view.InternalResourceViewResolver" name="viewResolver">
<property name="prefix" value="/WEB-INF/views/"/>
<!--  value tell us pages inside which folder -->
<property name="suffix" value=".jsp"/>
<!--  page ending suffix  -->
</bean>
<!--  example : /WEB-INF/views/login.jsp  -->
<bean class="org.springframework.jdbc.datasource.DriverManagerDataSource" name="ds">
<property name="driverClassName" value="com.mysql.jdbc.Driver"/>
<property name="url" value="jdbc:mysql://localhost:3306/inventory"/>
<!--  change port & db name  -->
<property name="username" value="root"/>
<!--  change username if any  -->
<property name="password" value=""/>
<!--  change password if any  -->
</bean>
<bean class="org.springframework.orm.hibernate5.LocalSessionFactoryBean" name="factory">
<!--  data source  -->
<property name="dataSource" ref="ds"/>
<!--  hibernate properties  -->
<property name="hibernateProperties">
<props>
<prop key="hibernate.dialect">org.hibernate.dialect.MySQL57Dialect</prop>
<!--  if error occurs here then change it to - org.hibernate.dialect.MySQL5InnoDBDialect  -->
<prop key="hibernate.show_sql">true</prop>
<prop key="hibernate.hbm2ddl.auto">update</prop>
</props>
</property>
<!--  annotated classes  -->
<property name="annotatedClasses">
<list>
<value>com.komal.model.Manager</value>
<value>com.komal.model.Raw</value>
<value>com.komal.model.Process</value>
<value>com.komal.model.IssueRaw1</value>
<value>com.komal.model.IssueProcess1</value>
<!--  change class name or add class name accordingly  -->
</list>
</property>
</bean>
<bean class="org.springframework.orm.hibernate5.HibernateTemplate" name="hibernateTemplate">
<property name="sessionFactory" ref="factory"/>
</bean>
<bean class="org.springframework.orm.hibernate5.HibernateTransactionManager" name="transactionManager">
<property name="sessionFactory" ref="factory"/>
</bean>
</beans>
 
 
